slope,intercept,train_r2,test_r2,train_rmse,test_rmse
2.0106155230608986,2.9003627076415626,0.9853657075606908,0.9883901316689069,6.633178333230116,5.729840149641137
